Sem,Dia,Data,Horário,Em casa,Resultado,Visitante,Público,Local
1,sáb,2018-04-14,16:00,Cruzeiro,0–1,Grêmio,19.285,Estádio Governador Magalhães Pinto
1,sáb,2018-04-14,19:00,Vitória,2–2,Flamengo,12.669,Estádio Manoel Barradas
1,dom,2018-04-15,11:00,América (MG),3–0,Sport Recife,8.304,Estádio Raimundo Sampaio
1,dom,2018-04-15,16:00,Internacional,2–0,Bahia,16.663,Estádio José Pinheiro Borba
1,dom,2018-04-15,16:00,Corinthians,2–1,Fluminense,28.777,Arena Corinthians
1,dom,2018-04-15,16:00,Vasco da Gama,2–1,Atlético Mineiro,7.197,Estádio Club de Regatas Vasco da Gama
1,dom,2018-04-15,19:00,Ath Paranaense,5–1,Chapecoense,8.395,Estádio Joaquim Américo Guimarães
1,sáb,2018-04-14,21:00,Santos,2–0,Ceará,15.513,Estádio Manoel Barradas
1,seg,2018-04-16,20:00,Botafogo (RJ),1–1,Palmeiras,8.033,Estádio Nilton Santos
1,seg,2018-04-16,20:00,São Paulo,1–0,Paraná,11.327,Estádio do Morumbi
2,sáb,2018-04-21,16:00,Bahia,1–0,Santos,15.588,Itaipava Arena Fonte Nova
2,sáb,2018-04-21,19:00,Flamengo,2–0,América (MG),52.106,Estádio Luso-Brasileiro
2,dom,2018-04-22,11:00,Paraná,0–4,Corinthians,15.714,Estádio Durival de Brito e Silva
2,dom,2018-04-22,16:00,Ceará,0–0,São Paulo,30.186,Estádio Castelão
2,dom,2018-04-22,16:00,Chapecoense,1–1,Vasco da Gama,8.675,Arena Condá
2,dom,2018-04-22,16:00,Fluminense,1–0,Cruzeiro,10.016,Estadio Jornalista Mário Filho
2,dom,2018-04-22,16:00,Atlético Mineiro,2–1,Vitória,10.423,Estádio Raimundo Sampaio
2,dom,2018-04-22,16:00,Palmeiras,1–0,Internacional,25.504,Estádio do Pacaembú
2,dom,2018-04-22,19:00,Grêmio,0–0,Ath Paranaense,22.049,Arena do Grêmio
2,seg,2018-04-23,20:00,Sport Recife,1–1,Botafogo (RJ),7.083,Estádio Adelmar da Costa Carvalho
3,sáb,2018-04-28,16:00,Botafogo (RJ),2–1,Grêmio,10.748,Estádio Nilton Santos
3,dom,2018-04-29,16:00,Atlético Mineiro,1–0,Corinthians,19.825,Estádio Raimundo Sampaio
3,dom,2018-04-29,16:00,Ceará,0–3,Flamengo,52.962,Estádio Castelão
Sem,Dia,Data,Horário,Em casa,Resultado,Visitante,Público,Local
3,dom,2018-04-29,16:00,Fluminense,1–1,São Paulo,19.237,Estadio Jornalista Mário Filho
3,dom,2018-04-29,16:00,Bahia,0–0,Ath Paranaense,16.235,Itaipava Arena Fonte Nova
3,dom,2018-04-29,16:00,Paraná,1–2,Sport Recife,7.604,Estádio Durival de Brito e Silva
3,dom,2018-04-29,16:00,Palmeiras,0–0,Chapecoense,30.871,Allianz Parque
3,dom,2018-04-29,19:00,Internacional,0–0,Cruzeiro,20.913,Estádio José Pinheiro Borba
3,seg,2018-04-30,20:00,América (MG),2–1,Vitória,9.453,Estádio Raimundo Sampaio
4,sáb,2018-05-05,19:00,São Paulo,2–2,Atlético Mineiro,31.976,Estádio do Morumbi
4,sáb,2018-05-05,19:00,Vasco da Gama,4–1,América (MG),3.683,Estádio Club de Regatas Vasco da Gama
4,dom,2018-05-06,11:00,Corinthians,1–1,Ceará,40.350,Arena Corinthians
4,dom,2018-05-06,16:00,Cruzeiro,1–0,Botafogo (RJ),20.908,Estádio Governador Magalhães Pinto
4,dom,2018-05-06,16:00,Ath Paranaense,1–3,Palmeiras,19.077,Estádio Joaquim Américo Guimarães
4,dom,2018-05-06,16:00,Flamengo,2–0,Internacional,60.182,Estádio Luso-Brasileiro
4,dom,2018-05-06,16:00,Vitória,1–2,Fluminense,6.652,Estádio Manoel Barradas
4,dom,2018-05-06,19:00,Grêmio,5–1,Santos,25.779,Arena do Grêmio
4,dom,2018-05-06,19:00,Sport Recife,2–0,Bahia,15.165,Estádio Adelmar da Costa Carvalho
4,seg,2018-05-07,20:00,Chapecoense,1–1,Paraná,7.838,Arena Condá
5,sáb,2018-05-12,16:00,Grêmio,0–0,Internacional,48.035,Arena do Grêmio
5,dom,2018-05-13,11:00,Cruzeiro,2–0,Sport Recife,20.095,Estádio Governador Magalhães Pinto
5,dom,2018-05-13,16:00,Corinthians,1–0,Palmeiras,34.967,Arena Corinthians
5,dom,2018-05-13,16:00,Vasco da Gama,2–3,Vitória,3.542,Estádio Club de Regatas Vasco da Gama
5,dom,2018-05-13,16:00,Chapecoense,3–2,Flamengo,10.931,Arena Condá
5,dom,2018-05-13,16:00,Bahia,2–2,São Paulo,20.847,Itaipava Arena Fonte Nova
5,dom,2018-05-13,16:00,Ath Paranaense,1–2,Atlético Mineiro,7.505,Estádio Joaquim Américo Guimarães
Sem,Dia,Data,Horário,Em casa,Resultado,Visitante,Público,Local
5,dom,2018-05-13,19:00,Santos,3–1,Paraná,3.971,Estádio Urbano Caldeira
5,seg,2018-05-14,20:00,Ceará,2–2,América (MG),14.914,Estádio Castelão
5,seg,2018-05-14,20:00,Botafogo (RJ),2–1,Fluminense,10.382,Estádio Nilton Santos
,,,,,,,,
6,sáb,2018-05-19,16:00,Atlético Mineiro,1–0,Cruzeiro,15.384,Estádio Raimundo Sampaio
6,sáb,2018-05-19,19:00,Flamengo,1–1,Vasco da Gama,35.208,Estádio Luso-Brasileiro
6,dom,2018-05-20,11:00,Vitória,2–1,Ceará,8.371,Estádio Manoel Barradas
6,dom,2018-05-20,16:00,América (MG),1–0,Botafogo (RJ),6.052,Estádio Raimundo Sampaio
6,dom,2018-05-20,16:00,Paraná,0–0,Grêmio,7.776,Estádio Durival de Brito e Silva
6,dom,2018-05-20,16:00,Sport Recife,1–1,Corinthians,28.942,Estádio Adelmar da Costa Carvalho
6,dom,2018-05-20,16:00,São Paulo,1–0,Santos,40.565,Estádio do Morumbi
6,dom,2018-05-20,19:00,Fluminense,2–0,Ath Paranaense,9.172,Estadio Jornalista Mário Filho
6,sáb,2018-05-19,21:00,Palmeiras,3–0,Bahia,26.351,Allianz Parque
6,seg,2018-05-21,20:00,Internacional,3–0,Chapecoense,13.082,Estádio José Pinheiro Borba
,,,,,,,,
7,sáb,2018-05-26,16:00,Fluminense,3–1,Chapecoense,14.541,Estadio Jornalista Mário Filho
7,sáb,2018-05-26,19:00,Palmeiras,2–3,Sport Recife,25.947,Allianz Parque
7,dom,2018-05-27,11:00,Paraná,0–0,Ath Paranaense,6.446,Estádio Durival de Brito e Silva
7,dom,2018-05-27,16:00,Santos,0–1,Cruzeiro,10.670,Estádio Urbano Caldeira
7,dom,2018-05-27,16:00,Bahia,3–0,Vasco da Gama,15.031,Itaipava Arena Fonte Nova
7,dom,2018-05-27,16:00,Botafogo (RJ),1–1,Vitória,5.857,Estádio Nilton Santos
7,dom,2018-05-27,16:00,Internacional,2–1,Corinthians,28.627,Estádio José Pinheiro Borba
7,dom,2018-05-27,19:00,Ceará,0–1,Grêmio,14.995,Estádio Castelão
7,dom,2018-05-27,19:00,América (MG),1–3,São Paulo,4.360,Estádio Raimundo Sampaio
7,sáb,2018-05-26,21:00,Atlético Mineiro,0–1,Flamengo,15.797,Estádio Raimundo Sampaio
Sem,Dia,Data,Horário,Em casa,Resultado,Visitante,Público,Local
,,,,,,,,
8,qua,2018-05-30,19:30,Vasco da Gama,1–0,Paraná,4.584,Estádio Club de Regatas Vasco da Gama
8,qua,2018-05-30,19:30,Vitória,2–3,Internacional,5.591,Estádio Manoel Barradas
8,qua,2018-05-30,19:30,Sport Recife,3–2,Atlético Mineiro,15.605,Estádio Adelmar da Costa Carvalho
8,qui,2018-05-31,16:00,Flamengo,2–0,Bahia,55.382,Estádio Luso-Brasileiro
8,qui,2018-05-31,18:00,Corinthians,1–0,América (MG),34.921,Arena Corinthians
8,qua,2018-05-30,21:00,São Paulo,3–2,Botafogo (RJ),25.427,Estádio do Morumbi
8,qua,2018-05-30,21:00,Chapecoense,2–0,Ceará,7.015,Arena Condá
8,qua,2018-05-30,21:45,Grêmio,0–0,Fluminense,18.149,Arena do Grêmio
8,qua,2018-05-30,21:45,Cruzeiro,1–0,Palmeiras,19.679,Estádio Governador Magalhães Pinto
8,qui,2018-05-31,21:00,Ath Paranaense,2–0,Santos,8.204,Estádio Joaquim Américo Guimarães
,,,,,,,,
9,sáb,2018-06-02,16:00,Internacional,0–0,Sport Recife,28.320,Estádio José Pinheiro Borba
9,sáb,2018-06-02,16:00,Atlético Mineiro,3–3,Chapecoense,10.298,Estádio Raimundo Sampaio
9,sáb,2018-06-02,19:00,Vasco da Gama,1–2,Botafogo (RJ),9.454,Estádio Club de Regatas Vasco da Gama
9,dom,2018-06-03,16:00,Flamengo,1–0,Corinthians,49.222,Estádio Luso-Brasileiro
9,dom,2018-06-03,16:00,Bahia,0–2,Grêmio,15.623,Itaipava Arena Fonte Nova
9,dom,2018-06-03,16:00,Santos,5–2,Vitória,3.887,Estádio Urbano Caldeira
9,dom,2018-06-03,16:00,América (MG),3–1,Ath Paranaense,4.679,Estádio Raimundo Sampaio
9,dom,2018-06-03,19:00,Ceará,0–1,Cruzeiro,15.234,Estádio Castelão
9,sáb,2018-06-02,21:00,Palmeiras,3–1,São Paulo,32.841,Allianz Parque
9,seg,2018-06-04,20:00,Paraná,2–1,Fluminense,3.491,Estádio Durival de Brito e Silva
,,,,,,,,
10,qua,2018-06-06,19:30,Botafogo (RJ),0–0,Ceará,8.825,Estádio Nilton Santos
10,qua,2018-06-06,19:30,Vitória,1–0,Chapecoense,5.256,Estádio Manoel Barradas
Sem,Dia,Data,Horário,Em casa,Resultado,Visitante,Público,Local
10,ter,2018-06-05,21:30,São Paulo,0–0,Internacional,14.730,Estádio do Morumbi
10,qui,2018-06-07,20:00,Fluminense,0–2,Flamengo,60.000,Estadio Jornalista Mário Filho
10,qui,2018-06-07,20:00,Paraná,1–0,Bahia,4.153,Estádio Durival de Brito e Silva
10,qua,2018-06-06,21:00,Sport Recife,1–0,Ath Paranaense,13.349,Estádio Adelmar da Costa Carvalho
10,qua,2018-06-06,21:00,Corinthians,1–1,Santos,27.586,Arena Corinthians
10,qua,2018-06-06,21:45,Grêmio,0–2,Palmeiras,26.556,Arena do Grêmio
10,qua,2018-06-06,21:45,Cruzeiro,1–1,Vasco da Gama,23.725,Estádio Governador Magalhães Pinto
10,qui,2018-06-07,21:00,América (MG),1–3,Atlético Mineiro,7.776,Estádio Raimundo Sampaio
,,,,,,,,
11,sáb,2018-06-09,16:00,Ath Paranaense,0–1,São Paulo,8.257,Estádio Joaquim Américo Guimarães
11,sáb,2018-06-09,19:00,Chapecoense,2–0,Cruzeiro,6.637,Arena Condá
11,sáb,2018-06-09,19:00,Vasco da Gama,3–2,Sport Recife,8.418,Estádio Club de Regatas Vasco da Gama
11,dom,2018-06-10,16:00,Ceará,2–2,Palmeiras,32.732,Estádio Castelão
11,dom,2018-06-10,16:00,Bahia,3–3,Botafogo (RJ),12.478,Itaipava Arena Fonte Nova
11,dom,2018-06-10,16:00,Atlético Mineiro,5–2,Fluminense,14.476,Estádio Raimundo Sampaio
11,dom,2018-06-10,16:00,Grêmio,1–0,América (MG),12.953,Arena do Grêmio
11,dom,2018-06-10,19:00,Flamengo,2–0,Paraná,59.488,Estádio Luso-Brasileiro
11,dom,2018-06-10,19:00,Santos,1–2,Internacional,8.124,Estádio Urbano Caldeira
11,sáb,2018-06-09,21:00,Corinthians,0–0,Vitória,27.744,Arena Corinthians
,,,,,,,,
12,qua,2018-06-13,16:00,América (MG),0–0,Chapecoense,4.894,Estádio Raimundo Sampaio
12,qua,2018-06-13,19:00,Fluminense,0–1,Santos,7.438,Estadio Jornalista Mário Filho
12,qua,2018-06-13,19:30,Paraná,1–1,Cruzeiro,5.131,Estádio Durival de Brito e Silva
12,qua,2018-06-13,19:30,Sport Recife,0–0,Grêmio,14.430,Estádio Adelmar da Costa Carvalho
12,ter,2018-06-12,21:30,São Paulo,3–0,Vitória,20.456,Estádio do Morumbi
Sem,Dia,Data,Horário,Em casa,Resultado,Visitante,Público,Local
12,qua,2018-06-13,21:00,Botafogo (RJ),2–0,Ath Paranaense,10.965,Estádio Nilton Santos
12,qua,2018-06-13,21:00,Palmeiras,1–1,Flamengo,36.882,Allianz Parque
12,qua,2018-06-13,21:45,Bahia,1–0,Corinthians,15.041,Itaipava Arena Fonte Nova
12,qua,2018-06-13,21:45,Atlético Mineiro,2–1,Ceará,22.119,Estádio Raimundo Sampaio
12,qua,2018-06-13,21:45,Internacional,3–1,Vasco da Gama,19.733,Estádio José Pinheiro Borba
,,,,,,,,
13,qua,2018-07-18,19:30,Ceará,1–0,Sport Recife,15.197,Estádio Castelão
13,qui,2018-07-19,19:30,Cruzeiro,3–1,América (MG),17.956,Estádio Governador Magalhães Pinto
13,qui,2018-07-19,19:30,Chapecoense,1–1,Bahia,7.534,Arena Condá
13,qui,2018-07-19,20:00,Vasco da Gama,1–1,Fluminense,11.901,Estádio Club de Regatas Vasco da Gama
13,qui,2018-07-19,20:00,Santos,1–1,Palmeiras,26.417,Estádio Urbano Caldeira
13,qua,2018-07-18,21:00,Vitória,1–0,Paraná,6.358,Estádio Manoel Barradas
13,qua,2018-07-18,21:45,Grêmio,2–0,Atlético Mineiro,20.311,Arena do Grêmio
13,qua,2018-07-18,21:45,Corinthians,2–0,Botafogo (RJ),19.830,Arena Corinthians
13,qua,2018-07-18,21:45,Flamengo,0–1,São Paulo,55.986,Estádio Luso-Brasileiro
13,qui,2018-07-19,21:00,Ath Paranaense,2–2,Internacional,8.184,Estádio Joaquim Américo Guimarães
,,,,,,,,
14,sáb,2018-07-21,19:00,Flamengo,2–0,Botafogo (RJ),42.182,Estádio Luso-Brasileiro
14,dom,2018-07-22,16:00,Sport Recife,1–2,Fluminense,11.119,Estádio Adelmar da Costa Carvalho
14,dom,2018-07-22,16:00,Bahia,4–1,Vitória,24.312,Itaipava Arena Fonte Nova
14,dom,2018-07-22,16:00,Vasco da Gama,1–0,Grêmio,8.242,Estádio Club de Regatas Vasco da Gama
14,dom,2018-07-22,16:00,Palmeiras,3–2,Atlético Mineiro,29.246,Allianz Parque
14,dom,2018-07-22,16:00,Paraná,1–0,América (MG),3.217,Estádio Durival de Brito e Silva
14,dom,2018-07-22,19:00,Chapecoense,0–0,Santos,7.100,Arena Condá
14,dom,2018-07-22,19:00,Cruzeiro,2–1,Ath Paranaense,15.023,Estádio Governador Magalhães Pinto
Sem,Dia,Data,Horário,Em casa,Resultado,Visitante,Público,Local
14,sáb,2018-07-21,21:00,São Paulo,3–1,Corinthians,58.624,Estádio do Morumbi
14,seg,2018-07-23,20:00,Internacional,1–0,Ceará,21.013,Estádio José Pinheiro Borba
,,,,,,,,
15,qua,2018-07-25,19:30,Fluminense,1–0,Palmeiras,22.827,Estadio Jornalista Mário Filho
15,qui,2018-07-26,19:30,Vitória,1–0,Sport Recife,5.706,Estádio Manoel Barradas
15,qui,2018-07-26,19:30,Botafogo (RJ),1–0,Chapecoense,7.602,Estádio Nilton Santos
15,qui,2018-07-26,19:30,Grêmio,2–1,São Paulo,19.865,Arena do Grêmio
15,qui,2018-07-26,20:00,América (MG),2–1,Internacional,4.625,Estádio Raimundo Sampaio
15,qua,2018-07-25,21:00,Atlético Mineiro,2–0,Paraná,18.948,Estádio Raimundo Sampaio
15,qua,2018-07-25,21:45,Santos,1–1,Flamengo,11.843,Estádio Urbano Caldeira
15,qua,2018-07-25,21:45,Corinthians,2–0,Cruzeiro,21.031,Arena Corinthians
,,,,,,,,
16,sáb,2018-07-28,16:00,Ceará,1–0,Fluminense,11.119,Estádio Castelão
16,dom,2018-07-29,11:00,Palmeiras,3–0,Paraná,35.776,Allianz Parque
16,dom,2018-07-29,11:00,Vasco da Gama,1–4,Corinthians,33.516,Estádio Club de Regatas Vasco da Gama
16,dom,2018-07-29,16:00,Cruzeiro,0–2,São Paulo,26.671,Estádio Governador Magalhães Pinto
16,dom,2018-07-29,16:00,Ath Paranaense,4–0,Vitória,8.697,Estádio Joaquim Américo Guimarães
16,dom,2018-07-29,16:00,Flamengo,4–1,Sport Recife,58.817,Estádio Luso-Brasileiro
16,dom,2018-07-29,16:00,Internacional,3–0,Botafogo (RJ),26.608,Estádio José Pinheiro Borba
16,dom,2018-07-29,19:00,Santos,0–1,América (MG),8.691,Estádio Urbano Caldeira
16,dom,2018-07-29,19:00,Chapecoense,1–1,Grêmio,14.382,Arena Condá
16,seg,2018-07-30,20:00,Bahia,2–2,Atlético Mineiro,15.993,Itaipava Arena Fonte Nova
,,,,,,,,
17,sáb,2018-08-04,16:00,Botafogo (RJ),0–0,Santos,6.940,Estádio Nilton Santos
17,sáb,2018-08-04,19:00,Grêmio,2–0,Flamengo,14.649,Arena do Grêmio
Sem,Dia,Data,Horário,Em casa,Resultado,Visitante,Público,Local
17,dom,2018-08-05,16:00,São Paulo,2–1,Vasco da Gama,53.437,Estádio do Morumbi
17,dom,2018-08-05,16:00,Paraná,0–1,Ceará,8.639,Estádio Durival de Brito e Silva
17,dom,2018-08-05,16:00,Vitória,1–1,Cruzeiro,7.193,Estádio Manoel Barradas
17,dom,2018-08-05,16:00,América (MG),0–0,Palmeiras,8.077,Estádio Raimundo Sampaio
17,dom,2018-08-05,19:00,Sport Recife,1–1,Chapecoense,6.787,Estádio Adelmar da Costa Carvalho
17,dom,2018-08-05,19:00,Fluminense,1–1,Bahia,16.548,Estadio Jornalista Mário Filho
17,sáb,2018-08-04,21:00,Corinthians,0–0,Ath Paranaense,28.455,Arena Corinthians
17,seg,2018-08-06,20:00,Atlético Mineiro,0–1,Internacional,22.035,Estádio Raimundo Sampaio
,,,,,,,,
20,qua,2018-08-08,19:30,Ceará,1–1,Santos,18.047,Estádio Castelão
,,,,,,,,
18,sáb,2018-08-11,16:00,Ceará,0–0,Ath Paranaense,14.772,Estádio Castelão
18,sáb,2018-08-11,19:00,Bahia,1–0,América (MG),19.100,Itaipava Arena Fonte Nova
18,dom,2018-08-12,11:00,Atlético Mineiro,3–1,Santos,22.062,Estádio Raimundo Sampaio
18,dom,2018-08-12,11:00,Paraná,1–1,Botafogo (RJ),4.831,Estádio Durival de Brito e Silva
18,dom,2018-08-12,16:00,Sport Recife,1–3,São Paulo,16.050,Estádio Adelmar da Costa Carvalho
18,dom,2018-08-12,16:00,Flamengo,1–0,Cruzeiro,55.273,Estádio Luso-Brasileiro
18,dom,2018-08-12,16:00,Chapecoense,2–1,Corinthians,10.070,Arena Condá
18,dom,2018-08-12,19:00,Grêmio,4–0,Vitória,16.146,Arena do Grêmio
18,dom,2018-08-12,19:00,Palmeiras,1–0,Vasco da Gama,30.012,Allianz Parque
18,seg,2018-08-13,20:00,Fluminense,0–3,Internacional,14.640,Estadio Jornalista Mário Filho
,,,,,,,,
19,sáb,2018-08-18,16:00,Santos,3–0,Sport Recife,17.047,Estádio Urbano Caldeira
19,sáb,2018-08-18,19:00,Corinthians,0–1,Grêmio,32.583,Arena Corinthians
19,dom,2018-08-19,11:00,Ath Paranaense,3–0,Flamengo,20.146,Estádio Joaquim Américo Guimarães
Sem,Dia,Data,Horário,Em casa,Resultado,Visitante,Público,Local
19,dom,2018-08-19,11:00,Internacional,1–0,Paraná,40.894,Estádio José Pinheiro Borba
19,dom,2018-08-19,16:00,Cruzeiro,1–1,Bahia,28.807,Estádio Governador Magalhães Pinto
19,dom,2018-08-19,16:00,Vitória,0–3,Palmeiras,8.822,Estádio Manoel Barradas
19,dom,2018-08-19,16:00,Botafogo (RJ),0–3,Atlético Mineiro,8.470,Estádio Nilton Santos
19,dom,2018-08-19,19:00,América (MG),0–0,Fluminense,4.851,Estádio Raimundo Sampaio
19,dom,2018-08-19,19:00,São Paulo,2–0,Chapecoense,41.075,Estádio do Morumbi
19,seg,2018-08-20,20:00,Vasco da Gama,1–1,Ceará,15.539,Estádio Club de Regatas Vasco da Gama
,,,,,,,,
20,qua,2018-08-22,19:30,Bahia,0–1,Internacional,18.671,Itaipava Arena Fonte Nova
20,qua,2018-08-22,19:30,Paraná,1–1,São Paulo,7.635,Estádio Durival de Brito e Silva
20,qui,2018-08-23,19:30,Flamengo,1–0,Vitória,51.878,Estádio Luso-Brasileiro
20,qui,2018-08-23,20:00,Atlético Mineiro,0–0,Vasco da Gama,22.452,Estádio Raimundo Sampaio
20,qua,2018-08-22,21:00,Palmeiras,2–0,Botafogo (RJ),24.882,Allianz Parque
20,qua,2018-08-22,21:00,Sport Recife,0–2,América (MG),16.425,Estádio Adelmar da Costa Carvalho
20,qua,2018-08-22,21:45,Fluminense,1–0,Corinthians,8.444,Estadio Jornalista Mário Filho
20,qua,2018-08-22,21:45,Grêmio,1–1,Cruzeiro,12.773,Arena do Grêmio
,,,,,,,,
21,sáb,2018-08-25,16:00,Santos,2–0,Bahia,11.564,Estádio Urbano Caldeira
21,sáb,2018-08-25,19:00,Corinthians,1–0,Paraná,28.136,Arena Corinthians
21,sáb,2018-08-25,19:00,Ath Paranaense,2–1,Grêmio,12.188,Estádio Joaquim Américo Guimarães
21,dom,2018-08-26,11:00,São Paulo,1–0,Ceará,57.323,Estádio do Morumbi
21,dom,2018-08-26,16:00,Vitória,1–0,Atlético Mineiro,5.954,Estádio Manoel Barradas
21,dom,2018-08-26,16:00,Internacional,0–0,Palmeiras,40.125,Estádio José Pinheiro Borba
21,dom,2018-08-26,16:00,América (MG),2–2,Flamengo,12.887,Estádio Raimundo Sampaio
21,dom,2018-08-26,19:00,Vasco da Gama,3–1,Chapecoense,8.782,Estádio Club de Regatas Vasco da Gama
Sem,Dia,Data,Horário,Em casa,Resultado,Visitante,Público,Local
21,sáb,2018-08-25,21:00,Cruzeiro,2–1,Fluminense,14.449,Estádio Governador Magalhães Pinto
21,sáb,2018-08-25,21:00,Botafogo (RJ),2–0,Sport Recife,6.031,Estádio Nilton Santos
,,,,,,,,
15,qua,2018-08-29,19:30,Ceará,0–2,Bahia,11.395,Estádio Presidente Vargas
15,qua,2018-08-29,19:30,Ath Paranaense,1–0,Vasco da Gama,11.119,Estádio Joaquim Américo Guimarães
,,,,,,,,
22,sáb,2018-09-01,16:00,Grêmio,4–0,Botafogo (RJ),14.852,Arena do Grêmio
22,sáb,2018-09-01,16:00,Vitória,1–0,América (MG),11.799,Estádio Manoel Barradas
22,sáb,2018-09-01,19:00,Vasco da Gama,0–3,Santos,33.646,Estádio Club de Regatas Vasco da Gama
22,dom,2018-09-02,11:00,Flamengo,0–1,Ceará,61.277,Estádio Luso-Brasileiro
22,dom,2018-09-02,16:00,Ath Paranaense,2–0,Bahia,13.433,Estádio Joaquim Américo Guimarães
22,dom,2018-09-02,16:00,São Paulo,1–1,Fluminense,49.348,Estádio do Morumbi
22,dom,2018-09-02,16:00,Sport Recife,1–0,Paraná,13.966,Estádio Adelmar da Costa Carvalho
22,dom,2018-09-02,19:00,Chapecoense,1–2,Palmeiras,4.546,Arena Condá
22,dom,2018-09-02,19:00,Cruzeiro,0–0,Internacional,16.247,Estádio Governador Magalhães Pinto
22,sáb,2018-09-01,21:00,Corinthians,1–1,Atlético Mineiro,29.371,Arena Corinthians
,,,,,,,,
23,qua,2018-09-05,19:30,Bahia,2–0,Sport Recife,13.816,Itaipava Arena Fonte Nova
23,qua,2018-09-05,19:30,Botafogo (RJ),1–1,Cruzeiro,5.779,Estádio Nilton Santos
23,qua,2018-09-05,20:00,Ceará,2–1,Corinthians,39.785,Estádio Castelão
23,qui,2018-09-06,19:00,Fluminense,0–0,Vitória,8.952,Estadio Jornalista Mário Filho
23,qui,2018-09-06,19:00,Santos,0–0,Grêmio,16.083,Estádio Urbano Caldeira
23,qui,2018-09-06,20:00,América (MG),2–1,Vasco da Gama,5.061,Estádio Raimundo Sampaio
23,qua,2018-09-05,21:00,Paraná,1–1,Chapecoense,2.239,Estádio Durival de Brito e Silva
23,qua,2018-09-05,21:00,Palmeiras,2–0,Ath Paranaense,24.601,Allianz Parque
Sem,Dia,Data,Horário,Em casa,Resultado,Visitante,Público,Local
23,qua,2018-09-05,21:45,Atlético Mineiro,1–0,São Paulo,20.852,Estádio Raimundo Sampaio
23,qua,2018-09-05,21:45,Internacional,2–1,Flamengo,31.487,Estádio José Pinheiro Borba
,,,,,,,,
24,sáb,2018-09-08,16:00,Sport Recife,0–0,Cruzeiro,9.525,Estádio Adelmar da Costa Carvalho
24,sáb,2018-09-08,19:00,São Paulo,1–0,Bahia,43.555,Estádio do Morumbi
24,dom,2018-09-09,16:00,Palmeiras,1–0,Corinthians,38.568,Allianz Parque
24,dom,2018-09-09,16:00,Fluminense,1–0,Botafogo (RJ),10.699,Estadio Jornalista Mário Filho
24,dom,2018-09-09,16:00,América (MG),0–0,Ceará,4.348,Estádio Raimundo Sampaio
24,dom,2018-09-09,16:00,Internacional,1–0,Grêmio,41.742,Estádio José Pinheiro Borba
24,dom,2018-09-09,19:00,Vitória,1–0,Vasco da Gama,10.092,Estádio Manoel Barradas
24,dom,2018-09-09,19:00,Paraná,0–2,Santos,4.504,Estádio Durival de Brito e Silva
24,sáb,2018-09-08,21:00,Flamengo,2–0,Chapecoense,30.647,Estádio Luso-Brasileiro
24,seg,2018-09-10,20:00,Atlético Mineiro,3–1,Ath Paranaense,20.922,Estádio Raimundo Sampaio
,,,,,,,,
20,qui,2018-09-13,20:00,Chapecoense,2–1,Ath Paranaense,4.146,Arena Condá
,,,,,,,,
25,sáb,2018-09-15,16:00,Grêmio,2–0,Paraná,19.278,Arena do Grêmio
25,sáb,2018-09-15,16:00,Ceará,2–0,Vitória,32.136,Estádio Castelão
25,sáb,2018-09-15,19:00,Vasco da Gama,1–1,Flamengo,54.288,Estádio Club de Regatas Vasco da Gama
25,dom,2018-09-16,11:00,Botafogo (RJ),1–0,América (MG),25.382,Estádio Nilton Santos
25,dom,2018-09-16,16:00,Bahia,1–1,Palmeiras,24.495,Itaipava Arena Fonte Nova
25,dom,2018-09-16,16:00,Santos,0–0,São Paulo,13.488,Estádio Urbano Caldeira
25,dom,2018-09-16,16:00,Cruzeiro,0–0,Atlético Mineiro,24.999,Estádio Governador Magalhães Pinto
25,dom,2018-09-16,16:00,Ath Paranaense,3–1,Fluminense,9.872,Estádio Joaquim Américo Guimarães
25,dom,2018-09-16,19:00,Corinthians,2–1,Sport Recife,20.901,Arena Corinthians
Sem,Dia,Data,Horário,Em casa,Resultado,Visitante,Público,Local
25,seg,2018-09-17,20:00,Chapecoense,2–1,Internacional,16.981,Arena Condá
,,,,,,,,
26,sáb,2018-09-22,16:00,São Paulo,1–1,América (MG),47.846,Estádio do Morumbi
26,dom,2018-09-23,11:00,Grêmio,3–2,Ceará,36.789,Arena do Grêmio
26,dom,2018-09-23,16:00,Flamengo,2–1,Atlético Mineiro,39.462,Estádio Luso-Brasileiro
26,dom,2018-09-23,16:00,Ath Paranaense,3–0,Paraná,12.956,Estádio Joaquim Américo Guimarães
26,dom,2018-09-23,16:00,Corinthians,1–1,Internacional,26.916,Arena Corinthians
26,dom,2018-09-23,18:00,Sport Recife,0–1,Palmeiras,18.681,Estádio Adelmar da Costa Carvalho
26,dom,2018-09-23,18:00,Vitória,3–4,Botafogo (RJ),9.481,Estádio Manoel Barradas
26,dom,2018-09-23,19:00,Cruzeiro,2–1,Santos,9.029,Estádio Governador Magalhães Pinto
26,seg,2018-09-24,20:00,Vasco da Gama,2–1,Bahia,13.293,Estádio Club de Regatas Vasco da Gama
26,seg,2018-09-24,20:00,Chapecoense,1–2,Fluminense,5.170,Arena Condá
,,,,,,,,
3,qui,2018-09-27,20:00,Santos,1–1,Vasco da Gama,12.985,Estádio do Pacaembú
,,,,,,,,
27,sáb,2018-09-29,16:00,Fluminense,0–1,Grêmio,8.721,Estadio Jornalista Mário Filho
27,sáb,2018-09-29,19:00,América (MG),0–0,Corinthians,8.012,Estádio Raimundo Sampaio
27,dom,2018-09-30,11:00,Palmeiras,3–1,Cruzeiro,35.674,Allianz Parque
27,dom,2018-09-30,16:00,Internacional,2–1,Vitória,33.347,Estádio José Pinheiro Borba
27,dom,2018-09-30,16:00,Santos,1–0,Ath Paranaense,7.802,Estádio Urbano Caldeira
27,dom,2018-09-30,16:00,Botafogo (RJ),2–2,São Paulo,19.976,Estádio Nilton Santos
27,dom,2018-09-30,16:00,Atlético Mineiro,5–2,Sport Recife,21.654,Estádio Raimundo Sampaio
27,dom,2018-09-30,19:00,Ceará,3–1,Chapecoense,28.226,Estádio Castelão
27,sáb,2018-09-29,21:00,Bahia,0–0,Flamengo,31.059,Itaipava Arena Fonte Nova
27,seg,2018-10-01,20:00,Paraná,1–1,Vasco da Gama,3.210,Estádio Durival de Brito e Silva
Sem,Dia,Data,Horário,Em casa,Resultado,Visitante,Público,Local
,,,,,,,,
28,sex,2018-10-05,19:00,Sport Recife,2–1,Internacional,9.979,Estádio Adelmar da Costa Carvalho
28,sáb,2018-10-06,16:00,Chapecoense,1–0,Atlético Mineiro,10.074,Arena Condá
28,sáb,2018-10-06,16:00,Ath Paranaense,4–0,América (MG),11.443,Estádio Joaquim Américo Guimarães
28,sáb,2018-10-06,18:00,São Paulo,0–2,Palmeiras,56.694,Estádio do Morumbi
28,sex,2018-10-05,21:00,Corinthians,0–3,Flamengo,41.693,Arena Corinthians
28,sex,2018-10-05,21:30,Vitória,0–1,Santos,7.478,Estádio Manoel Barradas
28,sáb,2018-10-06,21:00,Grêmio,2–2,Bahia,29.612,Arena do Grêmio
28,seg,2018-10-08,20:00,Fluminense,4–0,Paraná,6.715,Estadio Jornalista Mário Filho
28,ter,2018-10-09,21:00,Botafogo (RJ),1–1,Vasco da Gama,10.059,Estádio Nilton Santos
,,,,,,,,
29,sáb,2018-10-13,17:00,Flamengo,3–0,Fluminense,52.924,Estádio Luso-Brasileiro
29,sáb,2018-10-13,19:00,Santos,1–0,Corinthians,26.428,Estádio Urbano Caldeira
29,dom,2018-10-14,11:00,Chapecoense,0–1,Vitória,6.280,Arena Condá
29,dom,2018-10-14,16:00,Vasco da Gama,2–0,Cruzeiro,11.376,Estádio Club de Regatas Vasco da Gama
29,dom,2018-10-14,16:00,Internacional,3–1,São Paulo,41.640,Estádio José Pinheiro Borba
29,dom,2018-10-14,16:00,Palmeiras,2–0,Grêmio,35.812,Allianz Parque
29,dom,2018-10-14,19:00,Ath Paranaense,4–0,Sport Recife,9.139,Estádio Joaquim Américo Guimarães
29,dom,2018-10-14,19:00,Atlético Mineiro,0–0,América (MG),20.526,Estádio Raimundo Sampaio
29,sáb,2018-10-13,21:00,Bahia,2–0,Paraná,29.215,Itaipava Arena Fonte Nova
29,seg,2018-10-15,20:00,Ceará,0–0,Botafogo (RJ),29.946,Estádio Castelão
,,,,,,,,
30,sáb,2018-10-20,16:00,América (MG),1–1,Grêmio,5.821,Estádio Raimundo Sampaio
30,sáb,2018-10-20,16:00,Botafogo (RJ),0–1,Bahia,8.180,Estádio Nilton Santos
30,sáb,2018-10-20,19:00,São Paulo,0–0,Ath Paranaense,13.053,Estádio do Morumbi
Sem,Dia,Data,Horário,Em casa,Resultado,Visitante,Público,Local
30,sáb,2018-10-20,19:00,Sport Recife,2–1,Vasco da Gama,13.860,Estádio Adelmar da Costa Carvalho
30,dom,2018-10-21,16:00,Vitória,2–2,Corinthians,17.982,Estádio Manoel Barradas
30,dom,2018-10-21,17:00 (16:00),Palmeiras,2–1,Ceará,36.323,Allianz Parque
30,dom,2018-10-21,17:00 (16:00),Fluminense,1–0,Atlético Mineiro,4.762,Estadio Jornalista Mário Filho
30,dom,2018-10-21,20:00 (19:00),Cruzeiro,3–0,Chapecoense,12.666,Estádio Governador Magalhães Pinto
30,dom,2018-10-21,20:00 (19:00),Paraná,0–4,Flamengo,4.271,Estádio Durival de Brito e Silva
30,seg,2018-10-22,21:00 (20:00),Internacional,2–2,Santos,38.492,Estádio José Pinheiro Borba
,,,,,,,,
28,qua,2018-10-24,20:30 (19:30),Cruzeiro,0–2,Ceará,30.814,Estádio Governador Magalhães Pinto
,,,,,,,,
31,sex,2018-10-26,19:30,Vitória,0–1,São Paulo,11.283,Estádio Manoel Barradas
31,sáb,2018-10-27,17:30 (16:30),Grêmio,3–4,Sport Recife,12.165,Arena do Grêmio
31,sáb,2018-10-27,17:30 (16:30),Santos,3–0,Fluminense,8.680,Estádio Urbano Caldeira
31,sáb,2018-10-27,20:00 (19:00),Corinthians,2–1,Bahia,35.382,Arena Corinthians
31,sáb,2018-10-27,20:00 (19:00),Chapecoense,1–0,América (MG),13.238,Arena Condá
31,sáb,2018-10-27,20:00 (19:00),Flamengo,1–1,Palmeiras,65.102,Estadio Jornalista Mário Filho
31,sex,2018-10-26,22:30 (21:30),Vasco da Gama,1–1,Internacional,8.648,Estádio Club de Regatas Vasco da Gama
31,sáb,2018-10-27,23:00 (22:00),Cruzeiro,3–1,Paraná,18.755,Estádio Governador Magalhães Pinto
31,sáb,2018-10-27,23:00 (22:00),Ath Paranaense,2–1,Botafogo (RJ),7.133,Estádio Joaquim Américo Guimarães
31,seg,2018-10-29,20:00,Ceará,2–1,Atlético Mineiro,37.394,Estádio Castelão
,,,,,,,,
32,sáb,2018-11-03,18:00 (17:00),Fluminense,0–1,Vasco da Gama,14.275,Estadio Jornalista Mário Filho
32,sáb,2018-11-03,18:00 (17:00),Atlético Mineiro,0–1,Grêmio,16.758,Estádio Raimundo Sampaio
32,sáb,2018-11-03,20:00 (19:00),Palmeiras,3–2,Santos,38.938,Allianz Parque
32,dom,2018-11-04,17:00,América (MG),1–2,Cruzeiro,9.423,Estádio Raimundo Sampaio
Sem,Dia,Data,Horário,Em casa,Resultado,Visitante,Público,Local
32,dom,2018-11-04,17:00,Paraná,1–1,Vitória,931,Estádio Durival de Brito e Silva
32,dom,2018-11-04,17:00,Botafogo (RJ),1–0,Corinthians,21.463,Estádio Nilton Santos
32,dom,2018-11-04,17:00,São Paulo,2–2,Flamengo,32.612,Estádio do Morumbi
32,dom,2018-11-04,18:00 (19:00),Bahia,1–0,Chapecoense,17.448,Itaipava Arena Fonte Nova
32,dom,2018-11-04,19:00,Internacional,2–1,Ath Paranaense,23.318,Estádio José Pinheiro Borba
32,seg,2018-11-05,19:00 (20:00),Sport Recife,1–0,Ceará,25.002,Estádio Adelmar da Costa Carvalho
,,,,,,,,
33,sáb,2018-11-10,17:00,Corinthians,1–1,São Paulo,42.845,Arena Corinthians
33,sáb,2018-11-10,17:00,América (MG),0–1,Paraná,5.074,Estádio Raimundo Sampaio
33,sáb,2018-11-10,19:00,Botafogo (RJ),2–1,Flamengo,19.267,Estádio Nilton Santos
33,sáb,2018-11-10,19:00,Ath Paranaense,2–0,Cruzeiro,7.720,Estádio Joaquim Américo Guimarães
33,dom,2018-11-11,16:00 (17:00),Ceará,1–1,Internacional,43.575,Estádio Castelão
33,dom,2018-11-11,16:00 (17:00),Vitória,2–2,Bahia,21.714,Estádio Manoel Barradas
33,dom,2018-11-11,17:00,Atlético Mineiro,1–1,Palmeiras,20.488,Estádio Raimundo Sampaio
33,dom,2018-11-11,17:00,Grêmio,2–1,Vasco da Gama,20.763,Arena do Grêmio
33,dom,2018-11-11,19:00,Fluminense,0–0,Sport Recife,12.256,Estadio Jornalista Mário Filho
33,seg,2018-11-12,20:00,Santos,0–1,Chapecoense,12.659,Estádio Urbano Caldeira
,,,,,,,,
34,qua,2018-11-14,19:30,Vasco da Gama,1–1,Ath Paranaense,20.917,Estádio Club de Regatas Vasco da Gama
34,qua,2018-11-14,20:00 (21:00),Bahia,2–1,Ceará,17.825,Itaipava Arena Fonte Nova
34,qua,2018-11-14,20:45 (21:45),Sport Recife,0–0,Vitória,22.652,Estádio Adelmar da Costa Carvalho
34,qua,2018-11-14,21:00,Paraná,0–1,Atlético Mineiro,1.140,Estádio Durival de Brito e Silva
34,qua,2018-11-14,21:45,Cruzeiro,1–0,Corinthians,15.520,Estádio Governador Magalhães Pinto
34,qua,2018-11-14,21:45,Palmeiras,3–0,Fluminense,37.430,Allianz Parque
34,qui,2018-11-15,17:00,Chapecoense,0–1,Botafogo (RJ),17.261,Arena Condá
Sem,Dia,Data,Horário,Em casa,Resultado,Visitante,Público,Local
34,qui,2018-11-15,17:00,Flamengo,1–0,Santos,46.067,Estádio Luso-Brasileiro
34,qui,2018-11-15,19:00,São Paulo,1–1,Grêmio,24.757,Estádio do Morumbi
34,qui,2018-11-15,21:00,Internacional,2–0,América (MG),26.476,Estádio José Pinheiro Borba
,,,,,,,,
35,sáb,2018-11-17,18:00 (19:00),Vitória,1–2,Ath Paranaense,8.440,Estádio Manoel Barradas
35,sáb,2018-11-17,19:00,Corinthians,1–0,Vasco da Gama,38.605,Arena Corinthians
35,sáb,2018-11-17,21:00,Atlético Mineiro,1–0,Bahia,17.313,Estádio Raimundo Sampaio
35,dom,2018-11-18,16:00 (17:00),Sport Recife,0–1,Flamengo,26.005,Estádio Adelmar da Costa Carvalho
35,dom,2018-11-18,17:00,Paraná,1–1,Palmeiras,25.076,Estádio Durival de Brito e Silva
35,dom,2018-11-18,17:00,América (MG),2–1,Santos,4.652,Estádio Raimundo Sampaio
35,dom,2018-11-18,17:00,Botafogo (RJ),1–0,Internacional,19.006,Estádio Nilton Santos
35,dom,2018-11-18,19:00,Grêmio,2–0,Chapecoense,13.266,Arena do Grêmio
35,dom,2018-11-18,19:00,São Paulo,1–0,Cruzeiro,14.058,Estádio do Morumbi
35,seg,2018-11-19,20:00,Fluminense,0–0,Ceará,6.435,Estadio Jornalista Mário Filho
,,,,,,,,
36,qua,2018-11-21,19:30,Internacional,1–2,Atlético Mineiro,23.085,Estádio José Pinheiro Borba
36,qua,2018-11-21,21:00,Santos,1–1,Botafogo (RJ),3.620,Estádio Urbano Caldeira
36,qua,2018-11-21,21:45,Flamengo,2–0,Grêmio,36.978,Estádio Luso-Brasileiro
36,qua,2018-11-21,21:45,Cruzeiro,3–0,Vitória,4.038,Estádio Governador Magalhães Pinto
36,qua,2018-11-21,21:45,Ath Paranaense,1–0,Corinthians,14.320,Estádio Joaquim Américo Guimarães
36,qua,2018-11-21,21:45,Palmeiras,4–0,América (MG),39.429,Allianz Parque
36,qui,2018-11-22,20:00 (21:00),Bahia,2–0,Fluminense,16.784,Itaipava Arena Fonte Nova
36,qui,2018-11-22,20:00,Vasco da Gama,2–0,São Paulo,1.123,Estádio Club de Regatas Vasco da Gama
36,qui,2018-11-22,20:00 (21:00),Ceará,1–0,Paraná,48.824,Estádio Castelão
36,qui,2018-11-22,21:00,Chapecoense,2–1,Sport Recife,12.384,Arena Condá
Sem,Dia,Data,Horário,Em casa,Resultado,Visitante,Público,Local
,,,,,,,,
37,sáb,2018-11-24,20:00,Santos,3–2,Atlético Mineiro,4.591,Estádio Urbano Caldeira
37,dom,2018-11-25,16:00 (17:00),Vitória,0–0,Grêmio,4.283,Estádio Manoel Barradas
37,dom,2018-11-25,17:00,Cruzeiro,0–2,Flamengo,29.369,Estádio Governador Magalhães Pinto
37,dom,2018-11-25,17:00,Ath Paranaense,2–2,Ceará,9.632,Estádio Joaquim Américo Guimarães
37,dom,2018-11-25,17:00,Vasco da Gama,0–1,Palmeiras,22.957,Estádio Club de Regatas Vasco da Gama
37,dom,2018-11-25,19:00,Corinthians,0–0,Chapecoense,35.888,Arena Corinthians
37,dom,2018-11-25,19:00,Internacional,2–0,Fluminense,28.446,Estádio José Pinheiro Borba
37,dom,2018-11-25,19:00,América (MG),1–0,Bahia,7.409,Estádio Raimundo Sampaio
37,seg,2018-11-26,20:00,Botafogo (RJ),2–1,Paraná,28.972,Estádio Nilton Santos
37,seg,2018-11-26,20:00,São Paulo,0–0,Sport Recife,15.235,Estádio do Morumbi
,,,,,,,,
38,sáb,2018-12-01,19:00,Atlético Mineiro,1–0,Botafogo (RJ),19.171,Estádio Raimundo Sampaio
38,sáb,2018-12-01,19:00,Flamengo,1–2,Ath Paranaense,62.994,Estádio Luso-Brasileiro
38,dom,2018-12-02,16:00 (17:00),Ceará,0–0,Vasco da Gama,55.445,Estádio Castelão
38,dom,2018-12-02,16:00 (17:00),Sport Recife,2–1,Santos,23.451,Estádio Adelmar da Costa Carvalho
38,dom,2018-12-02,16:00 (17:00),Bahia,0–0,Cruzeiro,27.776,Itaipava Arena Fonte Nova
38,dom,2018-12-02,17:00,Palmeiras,3–2,Vitória,41.256,Allianz Parque
38,dom,2018-12-02,17:00,Fluminense,1–0,América (MG),38.870,Estadio Jornalista Mário Filho
38,dom,2018-12-02,17:00,Chapecoense,1–0,São Paulo,19.992,Arena Condá
38,dom,2018-12-02,17:00,Paraná,1–1,Internacional,2.228,Estádio Durival de Brito e Silva
38,dom,2018-12-02,17:00,Grêmio,1–0,Corinthians,38.974,Arena do Grêmio